acquired_utc,source_url,local_path,sha256,bytes,licence,notes,transient
2026-08-03T19:53:58Z,https://zenodo.org/records/10397664,02-data/raw/metrics.tgz,237559b9abbe0475802f819c96e4d9e0ae0731ee3536b829401a0168331bc9a8,57967394,CC BY 4.0,Nearing et al. 2024 Nature 627:559-563 release; md5 5192860be64b3bc2f13e1244369314a1 matches Zenodo API,
2026-08-03T19:53:58Z,https://zenodo.org/records/10397664,02-data/raw/metadata.tgz,59c6b8310d171763671736cdc19a32ad3d79199729a15d48e7970f3f07a2ce10,625469608,CC BY 4.0,md5 4e1b371f9d93f91a449cc60a73eb52a1 matches Zenodo API,
2026-08-03T19:53:59Z,https://zenodo.org/records/10397664,02-data/raw/gauge_groups_for_paper.tgz,a72a2b777ef371bf94bf64b641876ae96d8794e8293aca815694c7185f09c34b,91640,CC BY 4.0,gauge group membership incl. grdc_filtered; md5 588342aad929cb0889eb1717413b70dc matches Zenodo API,
2026-08-04T18:45:53Z,https://github.com/google-research-datasets/global_streamflow_model_paper/tree/1e88caf06120fc16a8ed61da310d32dfdfe87a13,02-data/raw/global_streamflow_model_paper-1e88caf.tar.gz,f2cada9220f21170d638d644fe3cc764242d0cd76eab991dd06b0ca6ad0d6c3b,9174468,Apache 2.0,"Paper analysis code, pinned at commit 1e88caf (2025-01-17). Acquired to resolve protocol Gates A and B. GitHub is not a permanent archive - CEC1 on the v2 preprint made this exact objection - hence the pinned SHA and local hash.",
2026-08-04T20:09:59Z,https://github.com/google-research/flood-forecasting/tree/affbaaa91564bf0a5c9c2b2c6b393463a12ce531,02-data/raw/flood-forecasting-affbaaa.tar.gz,bd511dc29a28f3fef945090ded39fa2a93be4fbe8aacb9358bd9fdc768eb8677,99505322,Apache 2.0,"OpenHydroNet. Developer's own statement of which model is in production, pinned at affbaaa (2026-06-16). Resolves the version question PROTOCOL v1.0 s1 declared unresolvable.",
2026-08-04T21:51:06Z,https://data.hydrosheds.org/file/HydroBASINS/standard/hybas_af_lev12_v1c.zip,02-data/raw/hybas_af_lev12_v1c.zip,257f583e943cd3d7f64c40154db86465ebb6952bc9e2afa4ac17ffd019eb6453,118772630,"HydroSHEDS licence (free, attribution)",HydroBASINS level-12 Africa v1c. Unit of analysis. Pinned by hash because basin geometry revisions would change every population weight.,
2026-08-04T21:56:09Z,https://github.com/wmgeolab/geoBoundaries/raw/main/releaseData/CGAZ/geoBoundariesCGAZ_ADM0.gpkg,02-data/raw/geoBoundariesCGAZ_ADM0.gpkg,6bdeb27072cf3759edfe9d31e037ebaf2481d9e0fa5ad18c1036346e42b4c41a,162144256,CC BY 4.0 (geoBoundaries CGAZ),ADM0 boundaries for geometric country assignment of basins. Chosen over GADM (2.6 GB) on disk grounds; PROTOCOL s4 permits either.,
2026-08-04T21:59:27Z,https://data.worldpop.org/GIS/Population/Global_2000_2020/2020/DJI/dji_ppp_2020_UNadj.tif,02-data/interim/_scratch_raster/DJI.tif,36d4977fe273b23d9f6e37f10380b75fd0eb7d5109e74956dd50ac816db0c3ff,10512682,CC BY 4.0,"WorldPop 100m UNadj UNCONSTRAINED 2020, DJI. Summed into basins then deleted; hash recorded so the run reproduces without retaining the raster.",yes
2026-08-04T21:59:30Z,https://data.worldpop.org/GIS/Population/Global_2000_2020/2020/GMB/gmb_ppp_2020_UNadj.tif,02-data/interim/_scratch_raster/GMB.tif,fdfde7f1646110852fc6cea31d6b3e34f407f5f2473a54bf89d4601e8564c8f1,5412805,CC BY 4.0,"WorldPop 100m UNadj UNCONSTRAINED 2020, GMB. Summed into basins then deleted; hash recorded so the run reproduces without retaining the raster.",yes
2026-08-04T22:08:02Z,https://data.worldpop.org/GIS/Population/Global_2000_2020/2020/AGO/ago_ppp_2020_UNadj.tif,02-data/interim/_scratch_raster/AGO.tif,95f90529c24d9cb576635b65f7c15f9280811a6edafca9459bb0f657c30c9fe7,596292109,CC BY 4.0,"WorldPop 100m UNadj UNCONSTRAINED 2020, AGO. Summed into basins then deleted; hash recorded so the run reproduces without retaining the raster.",yes
2026-08-04T22:08:18Z,https://data.worldpop.org/GIS/Population/Global_2000_2020/2020/BDI/bdi_ppp_2020_UNadj.tif,02-data/interim/_scratch_raster/BDI.tif,139e295db14d74133e4062c189a0bd1d47a46da8817f8fa2bcfbb076c3214180,12404030,CC BY 4.0,"WorldPop 100m UNadj UNCONSTRAINED 2020, BDI. Summed into basins then deleted; hash recorded so the run reproduces without retaining the raster.",yes
2026-08-04T22:09:10Z,https://data.worldpop.org/GIS/Population/Global_2000_2020/2020/BEN/ben_ppp_2020_UNadj.tif,02-data/interim/_scratch_raster/BEN.tif,eb6516cfba251b139d89d3652b4da4ace733d2c30067ea2d7d4aedf4dbb74159,54465694,CC BY 4.0,"WorldPop 100m UNadj UNCONSTRAINED 2020, BEN. Summed into basins then deleted; hash recorded so the run reproduces without retaining the raster.",yes
2026-08-04T22:11:45Z,https://data.worldpop.org/GIS/Population/Global_2000_2020/2020/BFA/bfa_ppp_2020_UNadj.tif,02-data/interim/_scratch_raster/BFA.tif,1ee0fc8a000a9cc67e59a63df11a5aa82969fa1e80c75aad5a1934be856af6e6,133438865,CC BY 4.0,"WorldPop 100m UNadj UNCONSTRAINED 2020, BFA. Summed into basins then deleted; hash recorded so the run reproduces without retaining the raster.",yes
2026-08-04T22:15:49Z,https://data.worldpop.org/GIS/Population/Global_2000_2020/2020/BWA/bwa_ppp_2020_UNadj.tif,02-data/interim/_scratch_raster/BWA.tif,d142498491baf580a4643dcc47e11e428cd5c43595aa0b9fcf13dd9fa3f2d604,232021970,CC BY 4.0,"WorldPop 100m UNadj UNCONSTRAINED 2020, BWA. Summed into basins then deleted; hash recorded so the run reproduces without retaining the raster.",yes
2026-08-04T22:21:58Z,https://data.worldpop.org/GIS/Population/Global_2000_2020/2020/CAF/caf_ppp_2020_UNadj.tif,02-data/interim/_scratch_raster/CAF.tif,ab8adf106b3f52cdbd75f7fa114fa6085b00b5b080b6fb6ab1a87d90cc70982a,284030173,CC BY 4.0,"WorldPop 100m UNadj UNCONSTRAINED 2020, CAF. Summed into basins then deleted; hash recorded so the run reproduces without retaining the raster.",yes
2026-08-04T22:24:53Z,https://data.worldpop.org/GIS/Population/Global_2000_2020/2020/CIV/civ_ppp_2020_UNadj.tif,02-data/interim/_scratch_raster/CIV.tif,2f49dfbe68bc5c91764b7c9e993f1dc206403a864880769e3e432b58eea79125,151594578,CC BY 4.0,"WorldPop 100m UNadj UNCONSTRAINED 2020, CIV. Summed into basins then deleted; hash recorded so the run reproduces without retaining the raster.",yes
2026-08-04T22:28:10Z,https://data.worldpop.org/GIS/Population/Global_2000_2020/2020/CMR/cmr_ppp_2020_UNadj.tif,02-data/interim/_scratch_raster/CMR.tif,2af4ce4fd322e595fc564ddba3a675f58d563ed820e2ede671ad66e366b41f10,219522281,CC BY 4.0,"WorldPop 100m UNadj UNCONSTRAINED 2020, CMR. Summed into basins then deleted; hash recorded so the run reproduces without retaining the raster.",yes
2026-08-04T22:48:25Z,https://data.worldpop.org/GIS/Population/Global_2000_2020/2020/COG/cog_ppp_2020_UNadj.tif,02-data/interim/_scratch_raster/COG.tif,91a9d4c6876cc17b953ebbc64ad762d12725e2743ed00e5bc3905aee04fc55d2,150506286,CC BY 4.0,"WorldPop 100m UNadj UNCONSTRAINED 2020, COG. Summed into basins then deleted; hash recorded so the run reproduces without retaining the raster.",yes
2026-08-04T22:48:28Z,https://data.worldpop.org/GIS/Population/Global_2000_2020/2020/COM/com_ppp_2020_UNadj.tif,02-data/interim/_scratch_raster/COM.tif,8ced188e380a10b5b73113890773498743aef4d5ab2692dd1f52d1c6ed48c97f,922468,CC BY 4.0,"WorldPop 100m UNadj UNCONSTRAINED 2020, COM. Summed into basins then deleted; hash recorded so the run reproduces without retaining the raster.",yes
2026-08-04T22:48:35Z,https://data.worldpop.org/GIS/Population/Global_2000_2020/2020/DJI/dji_ppp_2020_UNadj.tif,02-data/interim/_scratch_raster/DJI.tif,36d4977fe273b23d9f6e37f10380b75fd0eb7d5109e74956dd50ac816db0c3ff,10512682,CC BY 4.0,"WorldPop 100m UNadj UNCONSTRAINED 2020, DJI. Summed into basins then deleted; hash recorded so the run reproduces without retaining the raster.",yes
2026-08-05T07:02:05Z,https://download.geofabrik.de/africa/chad-260803-free.shp.zip,02-data/interim/_scratch_osm/chad.shp.zip,e22ed9f4a3cd4d52e10b7e52288ac8f9f4f4a6ab02c5e8131e642e3995baaca6,392996494,ODbL,"Geofabrik chad free shapefile extract, snapshot 260803. Counted into basins then deleted; hash pins the snapshot so terciles are reproducible against a moving database.",yes
2026-08-05T07:04:30Z,https://download.geofabrik.de/africa/chad-260803-free.shp.zip,02-data/interim/_scratch_osm/chad.shp.zip,e22ed9f4a3cd4d52e10b7e52288ac8f9f4f4a6ab02c5e8131e642e3995baaca6,392996494,ODbL,"Geofabrik chad free shapefile extract, snapshot 260803. Counted into basins then deleted; hash pins the snapshot so terciles are reproducible against a moving database.",yes
2026-08-05T07:47:41Z,https://data.worldpop.org/GIS/Population/Global_2000_2020/2020/AGO/ago_ppp_2020_UNadj.tif,02-data/interim/_scratch_raster/AGO.tif,95f90529c24d9cb576635b65f7c15f9280811a6edafca9459bb0f657c30c9fe7,596292109,CC BY 4.0,"WorldPop 100m UNadj UNCONSTRAINED 2020, AGO. Summed into basins then deleted; hash recorded so the run reproduces without retaining the raster.",yes
2026-08-05T07:47:52Z,https://data.worldpop.org/GIS/Population/Global_2000_2020/2020/BDI/bdi_ppp_2020_UNadj.tif,02-data/interim/_scratch_raster/BDI.tif,139e295db14d74133e4062c189a0bd1d47a46da8817f8fa2bcfbb076c3214180,12404030,CC BY 4.0,"WorldPop 100m UNadj UNCONSTRAINED 2020, BDI. Summed into basins then deleted; hash recorded so the run reproduces without retaining the raster.",yes
2026-08-05T07:48:29Z,https://data.worldpop.org/GIS/Population/Global_2000_2020/2020/BEN/ben_ppp_2020_UNadj.tif,02-data/interim/_scratch_raster/BEN.tif,eb6516cfba251b139d89d3652b4da4ace733d2c30067ea2d7d4aedf4dbb74159,54465694,CC BY 4.0,"WorldPop 100m UNadj UNCONSTRAINED 2020, BEN. Summed into basins then deleted; hash recorded so the run reproduces without retaining the raster.",yes
2026-08-05T07:50:06Z,https://data.worldpop.org/GIS/Population/Global_2000_2020/2020/BFA/bfa_ppp_2020_UNadj.tif,02-data/interim/_scratch_raster/BFA.tif,1ee0fc8a000a9cc67e59a63df11a5aa82969fa1e80c75aad5a1934be856af6e6,133438865,CC BY 4.0,"WorldPop 100m UNadj UNCONSTRAINED 2020, BFA. Summed into basins then deleted; hash recorded so the run reproduces without retaining the raster.",yes
2026-08-05T07:53:03Z,https://data.worldpop.org/GIS/Population/Global_2000_2020/2020/BWA/bwa_ppp_2020_UNadj.tif,02-data/interim/_scratch_raster/BWA.tif,d142498491baf580a4643dcc47e11e428cd5c43595aa0b9fcf13dd9fa3f2d604,232021970,CC BY 4.0,"WorldPop 100m UNadj UNCONSTRAINED 2020, BWA. Summed into basins then deleted; hash recorded so the run reproduces without retaining the raster.",yes
2026-08-05T07:57:34Z,https://data.worldpop.org/GIS/Population/Global_2000_2020/2020/CAF/caf_ppp_2020_UNadj.tif,02-data/interim/_scratch_raster/CAF.tif,ab8adf106b3f52cdbd75f7fa114fa6085b00b5b080b6fb6ab1a87d90cc70982a,284030173,CC BY 4.0,"WorldPop 100m UNadj UNCONSTRAINED 2020, CAF. Summed into basins then deleted; hash recorded so the run reproduces without retaining the raster.",yes
2026-08-05T07:59:59Z,https://data.worldpop.org/GIS/Population/Global_2000_2020/2020/CIV/civ_ppp_2020_UNadj.tif,02-data/interim/_scratch_raster/CIV.tif,2f49dfbe68bc5c91764b7c9e993f1dc206403a864880769e3e432b58eea79125,151594578,CC BY 4.0,"WorldPop 100m UNadj UNCONSTRAINED 2020, CIV. Summed into basins then deleted; hash recorded so the run reproduces without retaining the raster.",yes
2026-08-05T08:03:28Z,https://data.worldpop.org/GIS/Population/Global_2000_2020/2020/CMR/cmr_ppp_2020_UNadj.tif,02-data/interim/_scratch_raster/CMR.tif,2af4ce4fd322e595fc564ddba3a675f58d563ed820e2ede671ad66e366b41f10,219522281,CC BY 4.0,"WorldPop 100m UNadj UNCONSTRAINED 2020, CMR. Summed into basins then deleted; hash recorded so the run reproduces without retaining the raster.",yes
2026-08-05T08:14:21Z,https://data.worldpop.org/GIS/Population/Global_2000_2020/2020/COD/cod_ppp_2020_UNadj.tif,02-data/interim/_scratch_raster/COD.tif,f44af6893a60abb5e335da10236416eab2c5523a4686d56ae3cfb691ca72308c,1035935136,CC BY 4.0,"WorldPop 100m UNadj UNCONSTRAINED 2020, COD. Summed into basins then deleted; hash recorded so the run reproduces without retaining the raster.",yes
2026-08-05T08:19:46Z,https://data.worldpop.org/GIS/Population/Global_2000_2020/2020/COG/cog_ppp_2020_UNadj.tif,02-data/interim/_scratch_raster/COG.tif,91a9d4c6876cc17b953ebbc64ad762d12725e2743ed00e5bc3905aee04fc55d2,150506286,CC BY 4.0,"WorldPop 100m UNadj UNCONSTRAINED 2020, COG. Summed into basins then deleted; hash recorded so the run reproduces without retaining the raster.",yes
2026-08-05T08:19:49Z,https://data.worldpop.org/GIS/Population/Global_2000_2020/2020/COM/com_ppp_2020_UNadj.tif,02-data/interim/_scratch_raster/COM.tif,8ced188e380a10b5b73113890773498743aef4d5ab2692dd1f52d1c6ed48c97f,922468,CC BY 4.0,"WorldPop 100m UNadj UNCONSTRAINED 2020, COM. Summed into basins then deleted; hash recorded so the run reproduces without retaining the raster.",yes
2026-08-05T08:35:40Z,https://data.worldpop.org/GIS/Population/Global_2000_2020/2020/DZA/dza_ppp_2020_UNadj.tif,02-data/interim/_scratch_raster/DZA.tif,3b06bd5b9df8ef3dbb7181f7cfe2df8431f075a4e92fc022f89199ae26fb9488,1049992160,CC BY 4.0,"WorldPop 100m UNadj UNCONSTRAINED 2020, DZA. Summed into basins then deleted; hash recorded so the run reproduces without retaining the raster.",yes
2026-08-05T08:38:26Z,https://data.worldpop.org/GIS/Population/Global_2000_2020/2020/EGY/egy_ppp_2020_UNadj.tif,02-data/interim/_scratch_raster/EGY.tif,b4555791e8c9ce8c1efde74f9b54d0682737082099fa1381fcb056105dd443c7,105643948,CC BY 4.0,"WorldPop 100m UNadj UNCONSTRAINED 2020, EGY. Summed into basins then deleted; hash recorded so the run reproduces without retaining the raster.",yes
2026-08-05T08:39:13Z,https://data.worldpop.org/GIS/Population/Global_2000_2020/2020/ERI/eri_ppp_2020_UNadj.tif,02-data/interim/_scratch_raster/ERI.tif,07ce459f0956cc086e338e045efcc3cca7be782fd7481f4c39173e0006eb10c3,59723779,CC BY 4.0,"WorldPop 100m UNadj UNCONSTRAINED 2020, ERI. Summed into basins then deleted; hash recorded so the run reproduces without retaining the raster.",yes
2026-08-05T08:40:22Z,https://data.worldpop.org/GIS/Population/Global_2000_2020/2020/ESH/esh_ppp_2020_UNadj.tif,02-data/interim/_scratch_raster/ESH.tif,bb9789cf36b985184606de06102a8f4f6a3b5172f112851cedfb4e15acb5891d,92764030,CC BY 4.0,"WorldPop 100m UNadj UNCONSTRAINED 2020, ESH. Summed into basins then deleted; hash recorded so the run reproduces without retaining the raster.",yes
2026-08-05T08:44:36Z,https://data.worldpop.org/GIS/Population/Global_2000_2020/2020/ESP/esp_ppp_2020_UNadj.tif,02-data/interim/_scratch_raster/ESP.tif,34b3f1b9028df3b3bee7313ce1f33be8cdb84f514f093fca28f2a881f8be5b9f,322870255,CC BY 4.0,"WorldPop 100m UNadj UNCONSTRAINED 2020, ESP. Summed into basins then deleted; hash recorded so the run reproduces without retaining the raster.",yes
2026-08-05T08:52:30Z,https://data.worldpop.org/GIS/Population/Global_2000_2020/2020/ETH/eth_ppp_2020_UNadj.tif,02-data/interim/_scratch_raster/ETH.tif,36332a643ec6131c46a597ff3ec9fb9adad9f2a20800393feaec6ed404ac59bf,538636074,CC BY 4.0,"WorldPop 100m UNadj UNCONSTRAINED 2020, ETH. Summed into basins then deleted; hash recorded so the run reproduces without retaining the raster.",yes
2026-08-05T08:59:40Z,https://data.worldpop.org/GIS/Population/Global_2000_2020/2020/FRA/fra_ppp_2020_UNadj.tif,02-data/interim/_scratch_raster/FRA.tif,551b1dfde1d412c6620d152dd2fc931fe4c87243ceedf4062e842632f5a364cf,396784909,CC BY 4.0,"WorldPop 100m UNadj UNCONSTRAINED 2020, FRA. Summed into basins then deleted; hash recorded so the run reproduces without retaining the raster.",yes
2026-08-05T09:01:56Z,https://data.worldpop.org/GIS/Population/Global_2000_2020/2020/GAB/gab_ppp_2020_UNadj.tif,02-data/interim/_scratch_raster/GAB.tif,223cb76fae7fe1fe52e1be93fc4e36e209f968db9f3cb0ba24c89b8d8f08291d,123114381,CC BY 4.0,"WorldPop 100m UNadj UNCONSTRAINED 2020, GAB. Summed into basins then deleted; hash recorded so the run reproduces without retaining the raster.",yes
2026-08-05T09:23:53Z,https://data.worldpop.org/GIS/Population/Global_2000_2020/2020/GHA/gha_ppp_2020_UNadj.tif,02-data/interim/_scratch_raster/GHA.tif,a812845243596b714216fb2603262219156f5ec6cba8dcac97c1f5ecfbedf79a,111438528,CC BY 4.0,"WorldPop 100m UNadj UNCONSTRAINED 2020, GHA. Summed into basins then deleted; hash recorded so the run reproduces without retaining the raster.",yes
2026-08-05T09:27:57Z,https://data.worldpop.org/GIS/Population/Global_2000_2020/2020/GIN/gin_ppp_2020_UNadj.tif,02-data/interim/_scratch_raster/GIN.tif,d958370ba06e7dd9f4afb6b0fe0666db5528af0c142c24faf18876fafc260b76,120066793,CC BY 4.0,"WorldPop 100m UNadj UNCONSTRAINED 2020, GIN. Summed into basins then deleted; hash recorded so the run reproduces without retaining the raster.",yes
2026-08-05T09:28:32Z,https://data.worldpop.org/GIS/Population/Global_2000_2020/2020/GNB/gnb_ppp_2020_UNadj.tif,02-data/interim/_scratch_raster/GNB.tif,1f86e4d5a03f19c7fdcbc2f6ba76945f37abf314ea7a7f185fc24db6a747faa6,16387797,CC BY 4.0,"WorldPop 100m UNadj UNCONSTRAINED 2020, GNB. Summed into basins then deleted; hash recorded so the run reproduces without retaining the raster.",yes
2026-08-05T09:28:56Z,https://data.worldpop.org/GIS/Population/Global_2000_2020/2020/GNQ/gnq_ppp_2020_UNadj.tif,02-data/interim/_scratch_raster/GNQ.tif,998c84daec21ce508ea3dbaf94d3e9a12c60aca4c9b7698b7013b55b4dd7d9a4,13032414,CC BY 4.0,"WorldPop 100m UNadj UNCONSTRAINED 2020, GNQ. Summed into basins then deleted; hash recorded so the run reproduces without retaining the raster.",yes
2026-08-05T09:33:48Z,https://data.worldpop.org/GIS/Population/Global_2000_2020/2020/ITA/ita_ppp_2020_UNadj.tif,02-data/interim/_scratch_raster/ITA.tif,a9f9743a08f73e714722ecd54db5e9bb4968bec4a9f88d8f1782c6f7ba1dcea8,160705122,CC BY 4.0,"WorldPop 100m UNadj UNCONSTRAINED 2020, ITA. Summed into basins then deleted; hash recorded so the run reproduces without retaining the raster.",yes
2026-08-05T09:38:43Z,https://data.worldpop.org/GIS/Population/Global_2000_2020/2020/KEN/ken_ppp_2020_UNadj.tif,02-data/interim/_scratch_raster/KEN.tif,36b7d722d9686aad415cc92c62b38ce0f35b1fd5f8e495bd2e76fded587c5df9,276744164,CC BY 4.0,"WorldPop 100m UNadj UNCONSTRAINED 2020, KEN. Summed into basins then deleted; hash recorded so the run reproduces without retaining the raster.",yes
2026-08-05T09:39:31Z,https://data.worldpop.org/GIS/Population/Global_2000_2020/2020/LBR/lbr_ppp_2020_UNadj.tif,02-data/interim/_scratch_raster/LBR.tif,9eaa90766eaed20241a2e6785de54427081faf70406d073620400255b43f73d1,47881426,CC BY 4.0,"WorldPop 100m UNadj UNCONSTRAINED 2020, LBR. Summed into basins then deleted; hash recorded so the run reproduces without retaining the raster.",yes
2026-08-05T09:45:41Z,https://data.worldpop.org/GIS/Population/Global_2000_2020/2020/LBY/lby_ppp_2020_UNadj.tif,02-data/interim/_scratch_raster/LBY.tif,a9d37d656b87e79b248c95eaed98d1e658e158873072ebfd0f080fd14eac8101,412163592,CC BY 4.0,"WorldPop 100m UNadj UNCONSTRAINED 2020, LBY. Summed into basins then deleted; hash recorded so the run reproduces without retaining the raster.",yes
2026-08-05T09:46:27Z,https://data.worldpop.org/GIS/Population/Global_2000_2020/2020/LSO/lso_ppp_2020_UNadj.tif,02-data/interim/_scratch_raster/LSO.tif,bbdc8be12dcaef9af6a67487c2de4b8333b5f2307a71713d2636d0e5ad5b04f0,16854516,CC BY 4.0,"WorldPop 100m UNadj UNCONSTRAINED 2020, LSO. Summed into basins then deleted; hash recorded so the run reproduces without retaining the raster.",yes
2026-08-05T09:50:18Z,https://data.worldpop.org/GIS/Population/Global_2000_2020/2020/MAR/mar_ppp_2020_UNadj.tif,02-data/interim/_scratch_raster/MAR.tif,62966ae5580ac7b6d438302b4032254ea039a0f1db2bbb7b2ae6f0ff51c73369,235631212,CC BY 4.0,"WorldPop 100m UNadj UNCONSTRAINED 2020, MAR. Summed into basins then deleted; hash recorded so the run reproduces without retaining the raster.",yes
2026-08-05T09:59:00Z,https://data.worldpop.org/GIS/Population/Global_2000_2020/2020/MDG/mdg_ppp_2020_UNadj.tif,02-data/interim/_scratch_raster/MDG.tif,a56540dad4cb619b9967ae91cac58894148269d391a7863859c5b32cf049c915,302759223,CC BY 4.0,"WorldPop 100m UNadj UNCONSTRAINED 2020, MDG. Summed into basins then deleted; hash recorded so the run reproduces without retaining the raster.",yes
2026-08-05T10:10:21Z,https://data.worldpop.org/GIS/Population/Global_2000_2020/2020/MLI/mli_ppp_2020_UNadj.tif,02-data/interim/_scratch_raster/MLI.tif,07737f13e5be578b1ec8a416011e49645ada754d78c10a69ce0117ddc1553fef,540026746,CC BY 4.0,"WorldPop 100m UNadj UNCONSTRAINED 2020, MLI. Summed into basins then deleted; hash recorded so the run reproduces without retaining the raster.",yes
2026-08-05T10:16:38Z,https://data.worldpop.org/GIS/Population/Global_2000_2020/2020/MOZ/moz_ppp_2020_UNadj.tif,02-data/interim/_scratch_raster/MOZ.tif,e6636a968ef2283a74b7f26ab9b0ce865887cdf8b61045636572265894315908,393018864,CC BY 4.0,"WorldPop 100m UNadj UNCONSTRAINED 2020, MOZ. Summed into basins then deleted; hash recorded so the run reproduces without retaining the raster.",yes
2026-08-05T10:26:26Z,https://data.worldpop.org/GIS/Population/Global_2000_2020/2020/MRT/mrt_ppp_2020_UNadj.tif,02-data/interim/_scratch_raster/MRT.tif,4de01c5e922ffc003f0fdd7a8a00e1c09085b789be2276b5d6a864a09dba3359,444023373,CC BY 4.0,"WorldPop 100m UNadj UNCONSTRAINED 2020, MRT. Summed into basins then deleted; hash recorded so the run reproduces without retaining the raster.",yes
2026-08-05T10:27:48Z,https://data.worldpop.org/GIS/Population/Global_2000_2020/2020/MWI/mwi_ppp_2020_UNadj.tif,02-data/interim/_scratch_raster/MWI.tif,98e9c55a6fc499f24b7b1f919cef119e79dea666e56dc5a78b0604d22badbe57,47375919,CC BY 4.0,"WorldPop 100m UNadj UNCONSTRAINED 2020, MWI. Summed into basins then deleted; hash recorded so the run reproduces without retaining the raster.",yes
2026-08-05T10:36:55Z,https://data.worldpop.org/GIS/Population/Global_2000_2020/2020/NAM/nam_ppp_2020_UNadj.tif,02-data/interim/_scratch_raster/NAM.tif,d92a0c4b374309be6ffd3e1a941ac2244a16720707d325abfa9a3a2bc4dd1b00,431345124,CC BY 4.0,"WorldPop 100m UNadj UNCONSTRAINED 2020, NAM. Summed into basins then deleted; hash recorded so the run reproduces without retaining the raster.",yes
2026-08-05T11:07:12Z,https://data.worldpop.org/GIS/Population/Global_2000_2020/2020/NER/ner_ppp_2020_UNadj.tif,02-data/interim/_scratch_raster/NER.tif,b7a147b4c5b7f52e22504acd9612597aeb7dd867763d92be320c9bde28a8a4ad,436595037,CC BY 4.0,"WorldPop 100m UNadj UNCONSTRAINED 2020, NER. Summed into basins then deleted; hash recorded so the run reproduces without retaining the raster.",yes
2026-08-05T11:12:51Z,https://data.worldpop.org/GIS/Population/Global_2000_2020/2020/NGA/nga_ppp_2020_UNadj.tif,02-data/interim/_scratch_raster/NGA.tif,bdcbe16bb158af714cfc3f6ed39d7b32e3a3c8a0ae21e2912462a6c54019a5f7,440705927,CC BY 4.0,"WorldPop 100m UNadj UNCONSTRAINED 2020, NGA. Summed into basins then deleted; hash recorded so the run reproduces without retaining the raster.",yes
2026-08-05T11:13:39Z,https://data.worldpop.org/GIS/Population/Global_2000_2020/2020/PRT/prt_ppp_2020_UNadj.tif,02-data/interim/_scratch_raster/PRT.tif,e8aa750582be8fa7099028f26bcdb21eda4f550dd1dc2d9506f5a287ebfe2a6a,51605566,CC BY 4.0,"WorldPop 100m UNadj UNCONSTRAINED 2020, PRT. Summed into basins then deleted; hash recorded so the run reproduces without retaining the raster.",yes
2026-08-05T11:13:50Z,https://data.worldpop.org/GIS/Population/Global_2000_2020/2020/RWA/rwa_ppp_2020_UNadj.tif,02-data/interim/_scratch_raster/RWA.tif,1a0d6f232e84dc83cda6fe562d78f7242b83f8e8f7b0e9601d26879f543f2e6e,10705483,CC BY 4.0,"WorldPop 100m UNadj UNCONSTRAINED 2020, RWA. Summed into basins then deleted; hash recorded so the run reproduces without retaining the raster.",yes
2026-08-05T11:25:36Z,https://data.worldpop.org/GIS/Population/Global_2000_2020/2020/SDN/sdn_ppp_2020_UNadj.tif,02-data/interim/_scratch_raster/SDN.tif,a71010e6586745edf1e331103467f9d60a9cc9b23961291b26e5fe1d1804dfdb,782930546,CC BY 4.0,"WorldPop 100m UNadj UNCONSTRAINED 2020, SDN. Summed into basins then deleted; hash recorded so the run reproduces without retaining the raster.",yes
2026-08-05T11:27:30Z,https://data.worldpop.org/GIS/Population/Global_2000_2020/2020/SEN/sen_ppp_2020_UNadj.tif,02-data/interim/_scratch_raster/SEN.tif,9aa4ab648d8f3253bdccd99984a96391803db77e7a12f39dff8110cc157383d9,91866736,CC BY 4.0,"WorldPop 100m UNadj UNCONSTRAINED 2020, SEN. Summed into basins then deleted; hash recorded so the run reproduces without retaining the raster.",yes
2026-08-05T11:28:18Z,https://data.worldpop.org/GIS/Population/Global_2000_2020/2020/SLE/sle_ppp_2020_UNadj.tif,02-data/interim/_scratch_raster/SLE.tif,00b53c3704ba8e0eda30876a9e3916b52a90251b05f30500f238993476c57373,35795954,CC BY 4.0,"WorldPop 100m UNadj UNCONSTRAINED 2020, SLE. Summed into basins then deleted; hash recorded so the run reproduces without retaining the raster.",yes
2026-08-05T11:35:36Z,https://data.worldpop.org/GIS/Population/Global_2000_2020/2020/SOM/som_ppp_2020_UNadj.tif,02-data/interim/_scratch_raster/SOM.tif,154891dec6abe84a6956d89f92c31a1fbc70bf47f88220e65929d9bd86b377d3,296695779,CC BY 4.0,"WorldPop 100m UNadj UNCONSTRAINED 2020, SOM. Summed into basins then deleted; hash recorded so the run reproduces without retaining the raster.",yes
2026-08-05T11:38:44Z,https://data.worldpop.org/GIS/Population/Global_2000_2020/2020/SSD/ssd_ppp_2020_UNadj.tif,02-data/interim/_scratch_raster/SSD.tif,47e89bec9a5f461f709d7c5868a5e730583a96dfab09579c80319ca30b815bba,276773623,CC BY 4.0,"WorldPop 100m UNadj UNCONSTRAINED 2020, SSD. Summed into basins then deleted; hash recorded so the run reproduces without retaining the raster.",yes
2026-08-05T11:38:50Z,https://data.worldpop.org/GIS/Population/Global_2000_2020/2020/STP/stp_ppp_2020_UNadj.tif,02-data/interim/_scratch_raster/STP.tif,19d5f66c224f3b165efea586135005e4afe153e43ae6cc6c1a9e9b292e4e8be9,500835,CC BY 4.0,"WorldPop 100m UNadj UNCONSTRAINED 2020, STP. Summed into basins then deleted; hash recorded so the run reproduces without retaining the raster.",yes
2026-08-05T11:38:57Z,https://data.worldpop.org/GIS/Population/Global_2000_2020/2020/SWZ/swz_ppp_2020_UNadj.tif,02-data/interim/_scratch_raster/SWZ.tif,b258bb838d605d921c62c199cf749116ab392256b45f4591ed89f522b8edd39e,9334194,CC BY 4.0,"WorldPop 100m UNadj UNCONSTRAINED 2020, SWZ. Summed into basins then deleted; hash recorded so the run reproduces without retaining the raster.",yes
2026-08-05T11:38:58Z,https://data.worldpop.org/GIS/Population/Global_2000_2020/2020/SYC/syc_ppp_2020_UNadj.tif,02-data/interim/_scratch_raster/SYC.tif,898de335759394019a42c4784d7fb7b4f8179ba7416233bce9f1c0c49941ecfc,719523,CC BY 4.0,"WorldPop 100m UNadj UNCONSTRAINED 2020, SYC. Summed into basins then deleted; hash recorded so the run reproduces without retaining the raster.",yes
2026-08-05T11:43:58Z,https://data.worldpop.org/GIS/Population/Global_2000_2020/2020/TCD/tcd_ppp_2020_UNadj.tif,02-data/interim/_scratch_raster/TCD.tif,9b2af17323bb13db3d33185d7b67348bb643efc4d4f9c12918199966227ec614,482196802,CC BY 4.0,"WorldPop 100m UNadj UNCONSTRAINED 2020, TCD. Summed into basins then deleted; hash recorded so the run reproduces without retaining the raster.",yes
2026-08-05T11:44:28Z,https://data.worldpop.org/GIS/Population/Global_2000_2020/2020/TGO/tgo_ppp_2020_UNadj.tif,02-data/interim/_scratch_raster/TGO.tif,35766bee6a3619b4a6ff91f2f0b59cca278510ffc8ead4225256463730ed1a7f,27303575,CC BY 4.0,"WorldPop 100m UNadj UNCONSTRAINED 2020, TGO. Summed into basins then deleted; hash recorded so the run reproduces without retaining the raster.",yes
2026-08-05T11:45:35Z,https://data.worldpop.org/GIS/Population/Global_2000_2020/2020/TUN/tun_ppp_2020_UNadj.tif,02-data/interim/_scratch_raster/TUN.tif,49e61a225df749140449e46658e0e8c1571ebdea2a9f2f23490d46d14264c9ca,79654756,CC BY 4.0,"WorldPop 100m UNadj UNCONSTRAINED 2020, TUN. Summed into basins then deleted; hash recorded so the run reproduces without retaining the raster.",yes
2026-08-05T11:51:31Z,https://data.worldpop.org/GIS/Population/Global_2000_2020/2020/TZA/tza_ppp_2020_UNadj.tif,02-data/interim/_scratch_raster/TZA.tif,042781efb783b1ddbeea91edccf0c07267da3512733ada6eede75e61484c36e5,426653200,CC BY 4.0,"WorldPop 100m UNadj UNCONSTRAINED 2020, TZA. Summed into basins then deleted; hash recorded so the run reproduces without retaining the raster.",yes
2026-08-05T11:53:02Z,https://data.worldpop.org/GIS/Population/Global_2000_2020/2020/UGA/uga_ppp_2020_UNadj.tif,02-data/interim/_scratch_raster/UGA.tif,730b2ea840fb8ed821fa39557f9ecac0585c8e29e113283d3df8caa0b0819267,100009354,CC BY 4.0,"WorldPop 100m UNadj UNCONSTRAINED 2020, UGA. Summed into basins then deleted; hash recorded so the run reproduces without retaining the raster.",yes
2026-08-05T11:56:30Z,https://data.worldpop.org/GIS/Population/Global_2000_2020/2020/YEM/yem_ppp_2020_UNadj.tif,02-data/interim/_scratch_raster/YEM.tif,2814e2447cc046767ad9114f06e73bff686ddd0499636ad0863ae9bb2e1b0c6b,198450309,CC BY 4.0,"WorldPop 100m UNadj UNCONSTRAINED 2020, YEM. Summed into basins then deleted; hash recorded so the run reproduces without retaining the raster.",yes
2026-08-05T12:05:26Z,https://data.worldpop.org/GIS/Population/Global_2000_2020/2020/ZAF/zaf_ppp_2020_UNadj.tif,02-data/interim/_scratch_raster/ZAF.tif,4aa36d8edc8ed8f39f3cb613efb19d3d65ba4b0278ee7884787c77afc171de3f,638489107,CC BY 4.0,"WorldPop 100m UNadj UNCONSTRAINED 2020, ZAF. Summed into basins then deleted; hash recorded so the run reproduces without retaining the raster.",yes
2026-08-05T12:12:54Z,https://data.worldpop.org/GIS/Population/Global_2000_2020/2020/ZMB/zmb_ppp_2020_UNadj.tif,02-data/interim/_scratch_raster/ZMB.tif,ff35edd83cbefed72501a2e931690942ef0d10f8b1b1cdf5acd6d65ad4f9fcfc,354953218,CC BY 4.0,"WorldPop 100m UNadj UNCONSTRAINED 2020, ZMB. Summed into basins then deleted; hash recorded so the run reproduces without retaining the raster.",yes
2026-08-05T12:15:25Z,https://data.worldpop.org/GIS/Population/Global_2000_2020/2020/ZWE/zwe_ppp_2020_UNadj.tif,02-data/interim/_scratch_raster/ZWE.tif,80f5a25269c85f5a4901beb6557936342c8eb90fae8f793fa47bbf3ddccf91c6,192412178,CC BY 4.0,"WorldPop 100m UNadj UNCONSTRAINED 2020, ZWE. Summed into basins then deleted; hash recorded so the run reproduces without retaining the raster.",yes
2026-08-05T12:18:17Z,https://download.geofabrik.de/africa/algeria-260803-free.shp.zip,02-data/interim/_scratch_osm/algeria.shp.zip,fac1756bc91551eb74843e27ff901d97e8d4f8f358a7e9f1d6d0d7036ac86381,579253586,ODbL,"Geofabrik algeria free shapefile extract, snapshot 260803. Counted into basins then deleted; hash pins the snapshot so terciles are reproducible against a moving database.",yes
2026-08-05T12:18:51Z,https://download.geofabrik.de/africa/angola-260803-free.shp.zip,02-data/interim/_scratch_osm/angola.shp.zip,5022a5590dd9da2fd68a03bfe665c8338b23f8a2f6c2dd4694b3ac7578139d98,240309660,ODbL,"Geofabrik angola free shapefile extract, snapshot 260803. Counted into basins then deleted; hash pins the snapshot so terciles are reproducible against a moving database.",yes
2026-08-05T12:19:03Z,https://download.geofabrik.de/africa/benin-260803-free.shp.zip,02-data/interim/_scratch_osm/benin.shp.zip,94ec93cb2a1c6ddc404ac37e4de4c47cbc7f69860bc574b0676275922fc2e987,132105101,ODbL,"Geofabrik benin free shapefile extract, snapshot 260803. Counted into basins then deleted; hash pins the snapshot so terciles are reproducible against a moving database.",yes
2026-08-05T12:19:16Z,https://download.geofabrik.de/africa/botswana-260803-free.shp.zip,02-data/interim/_scratch_osm/botswana.shp.zip,c0d718ae845953803b5bb0c87f9e8afba22178a6031a2b127a955804abaf2db7,245029369,ODbL,"Geofabrik botswana free shapefile extract, snapshot 260803. Counted into basins then deleted; hash pins the snapshot so terciles are reproducible against a moving database.",yes
2026-08-05T12:19:39Z,https://download.geofabrik.de/africa/burkina-faso-260803-free.shp.zip,02-data/interim/_scratch_osm/burkina-faso.shp.zip,341f1127b4549f0fe72f004934cd0316d2af5add92a6934bbaad4072e351d2f3,228349345,ODbL,"Geofabrik burkina-faso free shapefile extract, snapshot 260803. Counted into basins then deleted; hash pins the snapshot so terciles are reproducible against a moving database.",yes
2026-08-05T12:19:50Z,https://download.geofabrik.de/africa/burundi-260803-free.shp.zip,02-data/interim/_scratch_osm/burundi.shp.zip,505d1b4b5094cfeb07cdfb31c4ca4645ddbe819f57e1ecf381af901643a03b87,122961000,ODbL,"Geofabrik burundi free shapefile extract, snapshot 260803. Counted into basins then deleted; hash pins the snapshot so terciles are reproducible against a moving database.",yes
2026-08-05T12:20:12Z,https://download.geofabrik.de/africa/cameroon-260803-free.shp.zip,02-data/interim/_scratch_osm/cameroon.shp.zip,244a59e6abdaa070b442d91a6247449796dc9e1e9b8fcbeee53357258365e714,686394905,ODbL,"Geofabrik cameroon free shapefile extract, snapshot 260803. Counted into basins then deleted; hash pins the snapshot so terciles are reproducible against a moving database.",yes
2026-08-05T12:21:38Z,https://download.geofabrik.de/africa/central-african-republic-260803-free.shp.zip,02-data/interim/_scratch_osm/central-african-republic.shp.zip,5a391f6922ee519eb852b7ab50ed0c09b0a9b636e5c20fff5661f7f69d5aa0ed,359339515,ODbL,"Geofabrik central-african-republic free shapefile extract, snapshot 260803. Counted into basins then deleted; hash pins the snapshot so terciles are reproducible against a moving database.",yes
2026-08-05T12:21:54Z,https://download.geofabrik.de/africa/chad-260803-free.shp.zip,02-data/interim/_scratch_osm/chad.shp.zip,e22ed9f4a3cd4d52e10b7e52288ac8f9f4f4a6ab02c5e8131e642e3995baaca6,392996494,ODbL,"Geofabrik chad free shapefile extract, snapshot 260803. Counted into basins then deleted; hash pins the snapshot so terciles are reproducible against a moving database.",yes
2026-08-05T12:22:14Z,https://download.geofabrik.de/africa/comores-260803-free.shp.zip,02-data/interim/_scratch_osm/comores.shp.zip,6b2d525caa057dd02d94347690cd22dac989e4c3cdfb83310c897a4f2371026b,10320607,ODbL,"Geofabrik comores free shapefile extract, snapshot 260803. Counted into basins then deleted; hash pins the snapshot so terciles are reproducible against a moving database.",yes
2026-08-05T12:22:25Z,https://download.geofabrik.de/africa/congo-brazzaville-260803-free.shp.zip,02-data/interim/_scratch_osm/congo-brazzaville.shp.zip,d83768d3367b9e99f5c7065483f8d11769fa1a294967191c4c0ad5fa61fc062f,90558951,ODbL,"Geofabrik congo-brazzaville free shapefile extract, snapshot 260803. Counted into basins then deleted; hash pins the snapshot so terciles are reproducible against a moving database.",yes
2026-08-05T12:23:00Z,https://download.geofabrik.de/africa/congo-democratic-republic-260803-free.shp.zip,02-data/interim/_scratch_osm/congo-democratic-republic.shp.zip,cd42b2fa35febb01088abd7ac1b76f28aa3634f405e10688d820b99adbac406a,1220017418,ODbL,"Geofabrik congo-democratic-republic free shapefile extract, snapshot 260803. Counted into basins then deleted; hash pins the snapshot so terciles are reproducible against a moving database.",yes
2026-08-05T12:24:00Z,https://download.geofabrik.de/africa/djibouti-260803-free.shp.zip,02-data/interim/_scratch_osm/djibouti.shp.zip,ec86c8e21b2b8588868b6d50ac38ad2e3c9a4a06113db8540e2a6495fb5a1e7d,18333282,ODbL,"Geofabrik djibouti free shapefile extract, snapshot 260803. Counted into basins then deleted; hash pins the snapshot so terciles are reproducible against a moving database.",yes
2026-08-05T12:24:09Z,https://download.geofabrik.de/africa/egypt-260803-free.shp.zip,02-data/interim/_scratch_osm/egypt.shp.zip,eb4276e6e0282030a2da8781e896c3955b6c2233b157abdd02230fbd91793d4c,294628521,ODbL,"Geofabrik egypt free shapefile extract, snapshot 260803. Counted into basins then deleted; hash pins the snapshot so terciles are reproducible against a moving database.",yes
2026-08-05T12:24:26Z,https://download.geofabrik.de/africa/equatorial-guinea-260803-free.shp.zip,02-data/interim/_scratch_osm/equatorial-guinea.shp.zip,ec7c9e1dc58783e59f4e320eb141874cacdff54d55e4a4a4d9c90ce45b02f56c,19263595,ODbL,"Geofabrik equatorial-guinea free shapefile extract, snapshot 260803. Counted into basins then deleted; hash pins the snapshot so terciles are reproducible against a moving database.",yes
2026-08-05T12:24:29Z,https://download.geofabrik.de/africa/eritrea-260803-free.shp.zip,02-data/interim/_scratch_osm/eritrea.shp.zip,8dca78b5f9c58dc67c2db23af885e773fcf5ecbf78bb0d3c8eb39952edeea4d5,90363828,ODbL,"Geofabrik eritrea free shapefile extract, snapshot 260803. Counted into basins then deleted; hash pins the snapshot so terciles are reproducible against a moving database.",yes
2026-08-05T12:24:40Z,https://download.geofabrik.de/africa/ethiopia-260803-free.shp.zip,02-data/interim/_scratch_osm/ethiopia.shp.zip,c1c5b34bcbf4aeae4ecec897d3b978c00212427af187180d3b0775179608eb31,403113084,ODbL,"Geofabrik ethiopia free shapefile extract, snapshot 260803. Counted into basins then deleted; hash pins the snapshot so terciles are reproducible against a moving database.",yes
2026-08-05T12:25:03Z,https://download.geofabrik.de/africa/gabon-260803-free.shp.zip,02-data/interim/_scratch_osm/gabon.shp.zip,e4013e48b041ebf48c6542af4b7d0e34f7635ec35b7925ac6df512de850d22e6,75312245,ODbL,"Geofabrik gabon free shapefile extract, snapshot 260803. Counted into basins then deleted; hash pins the snapshot so terciles are reproducible against a moving database.",yes
2026-08-05T12:25:25Z,https://download.geofabrik.de/africa/ghana-260803-free.shp.zip,02-data/interim/_scratch_osm/ghana.shp.zip,b0559bf33e55f449e239f143c693648e47a727b03e447154b811ee438d71fcc5,316608398,ODbL,"Geofabrik ghana free shapefile extract, snapshot 260803. Counted into basins then deleted; hash pins the snapshot so terciles are reproducible against a moving database.",yes
2026-08-05T12:30:53Z,https://download.geofabrik.de/africa/guinea-260803-free.shp.zip,02-data/interim/_scratch_osm/guinea.shp.zip,ebeb62cb6bece947487d90bd0c2143a8482eb774e3f294b7466c1ad45137d413,332990491,ODbL,"Geofabrik guinea free shapefile extract, snapshot 260803. Counted into basins then deleted; hash pins the snapshot so terciles are reproducible against a moving database.",yes
2026-08-05T12:31:07Z,https://download.geofabrik.de/africa/guinea-bissau-260803-free.shp.zip,02-data/interim/_scratch_osm/guinea-bissau.shp.zip,9344c11c786405a459f84bbc9080ee0818b88636cf75f071901c5b6ab153a695,28563122,ODbL,"Geofabrik guinea-bissau free shapefile extract, snapshot 260803. Counted into basins then deleted; hash pins the snapshot so terciles are reproducible against a moving database.",yes
2026-08-05T12:31:15Z,https://download.geofabrik.de/africa/ivory-coast-260803-free.shp.zip,02-data/interim/_scratch_osm/ivory-coast.shp.zip,3ead8ea92fbe337c84b7e1921ee1d26957a46ffa1457b9d3d9f23c3b117bf577,234002656,ODbL,"Geofabrik ivory-coast free shapefile extract, snapshot 260803. Counted into basins then deleted; hash pins the snapshot so terciles are reproducible against a moving database.",yes
2026-08-05T12:31:49Z,https://download.geofabrik.de/africa/kenya-260803-free.shp.zip,02-data/interim/_scratch_osm/kenya.shp.zip,fca0f48602df92dabaf34e22b41044cf52e12e2b0933f9b2769757a57635cf03,980531923,ODbL,"Geofabrik kenya free shapefile extract, snapshot 260803. Counted into basins then deleted; hash pins the snapshot so terciles are reproducible against a moving database.",yes
2026-08-05T12:48:03Z,https://download.geofabrik.de/africa/liberia-260803-free.shp.zip,02-data/interim/_scratch_osm/liberia.shp.zip,cbd51e076462aebd90adb3fc3bb1ab499fe7c1a1b3f28d25b1d5f7023c4dc8e8,92196998,ODbL,"Geofabrik liberia free shapefile extract, snapshot 260803. Counted into basins then deleted; hash pins the snapshot so terciles are reproducible against a moving database.",yes
2026-08-05T12:48:17Z,https://download.geofabrik.de/africa/libya-260803-free.shp.zip,02-data/interim/_scratch_osm/libya.shp.zip,e2a7fcffae306f91c1dd9424f2c1da3c0c136cbfaf552e2c06fa7d4681287a68,181305132,ODbL,"Geofabrik libya free shapefile extract, snapshot 260803. Counted into basins then deleted; hash pins the snapshot so terciles are reproducible against a moving database.",yes
2026-08-05T12:51:22Z,https://download.geofabrik.de/africa/madagascar-260803-free.shp.zip,02-data/interim/_scratch_osm/madagascar.shp.zip,c7fd37e787746a860444431cc1c580eeeb319c0ae91bf31d540c23551c7f19a3,1095549964,ODbL,"Geofabrik madagascar free shapefile extract, snapshot 260803. Counted into basins then deleted; hash pins the snapshot so terciles are reproducible against a moving database.",yes
2026-08-05T12:52:06Z,https://download.geofabrik.de/africa/malawi-260803-free.shp.zip,02-data/interim/_scratch_osm/malawi.shp.zip,58d0e8d490dc0520e8f5f0af39b4dbb412df4f7167454117f2dcc0c141fb8447,416341118,ODbL,"Geofabrik malawi free shapefile extract, snapshot 260803. Counted into basins then deleted; hash pins the snapshot so terciles are reproducible against a moving database.",yes
2026-08-05T12:52:35Z,https://download.geofabrik.de/africa/mali-260803-free.shp.zip,02-data/interim/_scratch_osm/mali.shp.zip,d5a5e9e6b07b66d07565e5dc42fa51218931cc1ba8e0ee0beb4c331c9ab8fb3c,456479571,ODbL,"Geofabrik mali free shapefile extract, snapshot 260803. Counted into basins then deleted; hash pins the snapshot so terciles are reproducible against a moving database.",yes
2026-08-05T12:52:53Z,https://download.geofabrik.de/africa/mauritania-260803-free.shp.zip,02-data/interim/_scratch_osm/mauritania.shp.zip,638481ee336e3ca01311f4a5683eea82d0a6a929db5a0da8fb886b56a5b9b76d,70334116,ODbL,"Geofabrik mauritania free shapefile extract, snapshot 260803. Counted into basins then deleted; hash pins the snapshot so terciles are reproducible against a moving database.",yes
2026-08-05T12:53:09Z,https://download.geofabrik.de/africa/morocco-260803-free.shp.zip,02-data/interim/_scratch_osm/morocco.shp.zip,b263c288c1c07fe205748e5e059fe9bb72230e6af7580b0e65eb89a7830a3c90,490786648,ODbL,"Geofabrik morocco free shapefile extract, snapshot 260803. Counted into basins then deleted; hash pins the snapshot so terciles are reproducible against a moving database.",yes
2026-08-05T12:53:40Z,https://download.geofabrik.de/africa/mozambique-260803-free.shp.zip,02-data/interim/_scratch_osm/mozambique.shp.zip,177e8d4fee7e9f15f440abc54abd2af78d0e2d44785fc93766fe72778dd8b0b2,720033049,ODbL,"Geofabrik mozambique free shapefile extract, snapshot 260803. Counted into basins then deleted; hash pins the snapshot so terciles are reproducible against a moving database.",yes
2026-08-05T12:54:17Z,https://download.geofabrik.de/africa/namibia-260803-free.shp.zip,02-data/interim/_scratch_osm/namibia.shp.zip,9c913d0b5b02026c4a5f94c2db07c08f1b03c7d1575d6c175faa3297e38c04a6,117273704,ODbL,"Geofabrik namibia free shapefile extract, snapshot 260803. Counted into basins then deleted; hash pins the snapshot so terciles are reproducible against a moving database.",yes
2026-08-05T13:04:51Z,https://download.geofabrik.de/africa/niger-260803-free.shp.zip,02-data/interim/_scratch_osm/niger.shp.zip,02b04179ac69b879a1e0e2436b4fa68f6ea8211de1462bd5c111317893e224e2,208461327,ODbL,"Geofabrik niger free shapefile extract, snapshot 260803. Counted into basins then deleted; hash pins the snapshot so terciles are reproducible against a moving database.",yes
2026-08-05T13:05:55Z,https://download.geofabrik.de/africa/nigeria-260803-free.shp.zip,02-data/interim/_scratch_osm/nigeria.shp.zip,3e17c4f9c784c840c25a74a5931ce37a91f2406dc03c5f759511cedb2a3a01ec,2108040476,ODbL,"Geofabrik nigeria free shapefile extract, snapshot 260803. Counted into basins then deleted; hash pins the snapshot so terciles are reproducible against a moving database.",yes
2026-08-05T13:07:25Z,https://download.geofabrik.de/africa/rwanda-260803-free.shp.zip,02-data/interim/_scratch_osm/rwanda.shp.zip,381b99835874fb1c1ebaeff415a602ca438516ed01510a99745f42b485527ad7,190433969,ODbL,"Geofabrik rwanda free shapefile extract, snapshot 260803. Counted into basins then deleted; hash pins the snapshot so terciles are reproducible against a moving database.",yes
2026-08-05T13:07:32Z,https://download.geofabrik.de/africa/sao-tome-and-principe-260803-free.shp.zip,02-data/interim/_scratch_osm/sao-tome-and-principe.shp.zip,0a4472990efb27bf73c108b49a8f6f2012f5c4aae3e3af8119689f7849b5be5d,3694514,ODbL,"Geofabrik sao-tome-and-principe free shapefile extract, snapshot 260803. Counted into basins then deleted; hash pins the snapshot so terciles are reproducible against a moving database.",yes
2026-08-05T13:07:39Z,https://download.geofabrik.de/africa/senegal-and-gambia-260803-free.shp.zip,02-data/interim/_scratch_osm/senegal-and-gambia.shp.zip,9ad09fda16c3cd28a3e103a06cb2f0ef3d0544fb18c8c2cf3612ca9abf6f1c90,283459113,ODbL,"Geofabrik senegal-and-gambia free shapefile extract, snapshot 260803. Counted into basins then deleted; hash pins the snapshot so terciles are reproducible against a moving database.",yes
2026-08-05T13:07:50Z,https://download.geofabrik.de/africa/seychelles-260803-free.shp.zip,02-data/interim/_scratch_osm/seychelles.shp.zip,b752a64a915213c8b0e0fc7642bb59c4ac065050eb02f2677bfd8fb08cc8c838,7463041,ODbL,"Geofabrik seychelles free shapefile extract, snapshot 260803. Counted into basins then deleted; hash pins the snapshot so terciles are reproducible against a moving database.",yes
2026-08-05T13:07:53Z,https://download.geofabrik.de/africa/sierra-leone-260803-free.shp.zip,02-data/interim/_scratch_osm/sierra-leone.shp.zip,50a51381421244e60ea2c01741c69b138e01a6078ceaa2b85abb871c3e702c00,102521762,ODbL,"Geofabrik sierra-leone free shapefile extract, snapshot 260803. Counted into basins then deleted; hash pins the snapshot so terciles are reproducible against a moving database.",yes
2026-08-05T13:08:09Z,https://download.geofabrik.de/africa/somalia-260803-free.shp.zip,02-data/interim/_scratch_osm/somalia.shp.zip,600dcba477d25c5fdccb6cf067867a803e01283ac33ebefe7b5230365c70dedc,481428805,ODbL,"Geofabrik somalia free shapefile extract, snapshot 260803. Counted into basins then deleted; hash pins the snapshot so terciles are reproducible against a moving database.",yes
2026-08-05T13:08:51Z,https://download.geofabrik.de/africa/south-africa-260803-free.shp.zip,02-data/interim/_scratch_osm/south-africa.shp.zip,1d78243686a98c7900324ddf3f6647f5008dda198dbfaa5c4a6ccedf080b73a4,1150782124,ODbL,"Geofabrik south-africa free shapefile extract, snapshot 260803. Counted into basins then deleted; hash pins the snapshot so terciles are reproducible against a moving database.",yes
2026-08-05T13:09:40Z,https://download.geofabrik.de/africa/south-sudan-260803-free.shp.zip,02-data/interim/_scratch_osm/south-sudan.shp.zip,aecd26badc98815cfba5a4e0c17787d6181720e3b60502e85521e8713c52e548,446225345,ODbL,"Geofabrik south-sudan free shapefile extract, snapshot 260803. Counted into basins then deleted; hash pins the snapshot so terciles are reproducible against a moving database.",yes
2026-08-05T13:10:28Z,https://download.geofabrik.de/africa/sudan-260803-free.shp.zip,02-data/interim/_scratch_osm/sudan.shp.zip,615f2d80e663518afcd71271906fb61139fd21bffaf88aef2769fee8993c890c,598940803,ODbL,"Geofabrik sudan free shapefile extract, snapshot 260803. Counted into basins then deleted; hash pins the snapshot so terciles are reproducible against a moving database.",yes
2026-08-05T13:11:02Z,https://download.geofabrik.de/africa/swaziland-260803-free.shp.zip,02-data/interim/_scratch_osm/swaziland.shp.zip,b1050186ab81e1d0d98683060951a072ddd928789f144def8cf973e92f06039e,85555052,ODbL,"Geofabrik swaziland free shapefile extract, snapshot 260803. Counted into basins then deleted; hash pins the snapshot so terciles are reproducible against a moving database.",yes
2026-08-05T13:11:51Z,https://download.geofabrik.de/africa/tanzania-260803-free.shp.zip,02-data/interim/_scratch_osm/tanzania.shp.zip,fc8826bd790d25b5ca5cf446cb67886ec162bfa184a6e660fb069af1fe3481a8,1913089641,ODbL,"Geofabrik tanzania free shapefile extract, snapshot 260803. Counted into basins then deleted; hash pins the snapshot so terciles are reproducible against a moving database.",yes
2026-08-05T13:13:57Z,https://download.geofabrik.de/africa/togo-260803-free.shp.zip,02-data/interim/_scratch_osm/togo.shp.zip,7233f4b5f5e03ddb3bb6c59a1756fa1ff42b84ecedbf80494c88429a8d4b21e8,181123027,ODbL,"Geofabrik togo free shapefile extract, snapshot 260803. Counted into basins then deleted; hash pins the snapshot so terciles are reproducible against a moving database.",yes
2026-08-05T13:14:14Z,https://download.geofabrik.de/africa/tunisia-260803-free.shp.zip,02-data/interim/_scratch_osm/tunisia.shp.zip,766b91cad2d542abfa933a0e992ea72d8b981e7c34d28feeb2a4a9761cdffbf1,174657439,ODbL,"Geofabrik tunisia free shapefile extract, snapshot 260803. Counted into basins then deleted; hash pins the snapshot so terciles are reproducible against a moving database.",yes
2026-08-05T13:14:51Z,https://download.geofabrik.de/africa/uganda-260803-free.shp.zip,02-data/interim/_scratch_osm/uganda.shp.zip,3630a766321317863250804e4e2919b09faed0330d690e95ae09092c351d3919,1176896515,ODbL,"Geofabrik uganda free shapefile extract, snapshot 260803. Counted into basins then deleted; hash pins the snapshot so terciles are reproducible against a moving database.",yes
2026-08-05T13:16:27Z,https://download.geofabrik.de/africa/zambia-260803-free.shp.zip,02-data/interim/_scratch_osm/zambia.shp.zip,b12e16c33bc93baca34923a41f7b26c2681c739b1739f26be6a73c592c6f90e9,718639386,ODbL,"Geofabrik zambia free shapefile extract, snapshot 260803. Counted into basins then deleted; hash pins the snapshot so terciles are reproducible against a moving database.",yes
2026-08-05T13:17:16Z,https://download.geofabrik.de/africa/zimbabwe-260803-free.shp.zip,02-data/interim/_scratch_osm/zimbabwe.shp.zip,a37c43131c94cc959b9cebdc68dfd9a619093cf1ff6e04ef43c39764f2dc4c9f,516867072,ODbL,"Geofabrik zimbabwe free shapefile extract, snapshot 260803. Counted into basins then deleted; hash pins the snapshot so terciles are reproducible against a moving database.",yes
2026-08-05T13:20:01Z,https://download.geofabrik.de/africa/lesotho-260803-free.shp.zip,02-data/interim/_scratch_osm/lesotho.shp.zip,3ecd619a74f67ed834c0c894d721e4daaf52a959191aa11325c631dacb2535c1,294309587,ODbL,"Geofabrik lesotho free shapefile extract, snapshot 260803. Counted into basins then deleted; hash pins the snapshot so terciles are reproducible against a moving database.",yes
